"","WindowScaleSize","Latitude","Longitude","Agreement","Year1","Year2","Window","site","Difference"
"1","3.75 km",14.1509,38.8504,0,2002,2011,"Early Window","Bethans",-0.5
"2","3.75 km",14.107,38.963,0,2009,2011,"Early Window","DebreGenetA",0
"3","3.75 km",14.158,38.961,0,2008,2009,"Early Window","EndaBagerima",0
"4","3.75 km",14.23,39.015,0,2002,2009,"Early Window","Gendebta",0
"5","3.75 km",14.0524,38.9571,0,2009,2011,"Early Window","MariamShewito",0
"6","3.75 km",14.204,38.8843,0.5,2003,2009,"Early Window","Seloda",0
"7","3.75 km",14.0784,38.9704,0,2009,2011,"Early Window","TahtayLegomti",0
"8","3.75 km",14.2475,38.878,0.5,2003,2009,"Early Window","Wedikeshi",0
"9","3.75 km",14.19138333,39.07198333,0.5,2002,2010,"Early Window","Adiyikoro",0
"10","3.75 km",14.2262,39.08181667,0.5,2002,2009,"Early Window","Adizata",0
"11","3.75 km",14.36085,39.10301667,0.5,2009,2010,"Early Window","Betgebez",0
"12","3.75 km",14.27076667,39.08091,0,2002,2009,"Early Window","LaelayMegariaTsemri",0
"13","3.75 km",14.2793,39.17853333,0,2009,2010,"Early Window","Maysuru",0
"14","3.75 km",14.32078333,39.22411667,0,2009,2010,"Early Window","Sero",0
"15","3.75 km",14.21841667,39.11961667,0.5,2002,2009,"Early Window","TahtayDaeroka",0
"16","3.75 km",14.30111667,39.07828333,0,2009,2010,"Early Window","TahtayMegariaTsebri",0
"17","3.75 km",12.527198,39.651575,0,2008,2009,"Early Window","Gerjale",0
"18","3.75 km",12.447477,39.65574,0,2008,2009,"Early Window","KuluGizeLemlem",0
"19","3.75 km",12.466214,39.650299,0,2008,2009,"Early Window","LaelayDayu",0
"20","3.75 km",12.398839,39.657985,0.5,2008,2009,"Early Window","Limaat",0
"21","3.75 km",12.414739,39.659153,0.5,2008,2009,"Early Window","SelamBekalsi",0
"22","3.75 km",12.358934,39.657374,0.5,2009,2011,"Early Window","SelenWuha",0
"23","3.75 km",13.81893333,39.72011667,0.5,2002,2004,"Early Window","BarkaAdiswha",0
"24","3.75 km",13.9,39.742,0,2004,2010,"Early Window","FelegeWayane",0
"25","3.75 km",13.87976667,39.73488333,0.5,2002,2008,"Early Window","Golgolemalee",0
"26","3.75 km",13.81136667,39.6867,0.5,2002,2004,"Early Window","Habees",0
"27","3.75 km",13.94443333,39.72905,0.5,2008,2009,"Early Window","RubaFelege",0
"28","3.75 km",13.8,39.5,0.5,2002,2011,"Early Window","AbrahaAtsbaha",0
"29","3.75 km",13.82423333,39.61081667,0.5,2002,2008,"Early Window","AdiKisandid",0
"30","3.75 km",13.75331667,39.54968333,0.5,2002,2011,"Early Window","Aynalem",0
"31","3.75 km",13.78058333,39.58768333,0.5,2002,2011,"Early Window","Genfel",0
"32","3.75 km",13.69048333,39.55716667,0,2008,2009,"Early Window","MahbereWeyane",0
"33","3.75 km",13.87613333,39.59755,0,2005,2011,"Early Window","Nagash",0
"34","3.75 km",13.733,39.087,0.5,2009,2012,"Early Window","AdiHa",0
"35","3.75 km",13.7,38.9,0,2003,2009,"Early Window","Atakilti",0
"36","3.75 km",13.744,39.136,0.5,2009,2012,"Early Window","AwetBikalsi",0
"37","3.75 km",13.62643333,38.92838333,0,2002,2009,"Early Window","Begashek",0
"38","3.75 km",13.6,39,0,2009,2010,"Early Window","DebreGenetK",0
"39","3.75 km",13.69308333,38.89091667,0,2003,2009,"Early Window","Menji",0
"40","3.75 km",12.42191667,39.67775,0.5,2008,2009,"Early Window","AdisKigni",0
"41","3.75 km",12.43026667,39.742,0,2008,2009,"Early Window","Bala",0
"42","3.75 km",12.86883333,39.67121667,0,2002,2008,"Early Window","Ebo",0
"43","3.75 km",12.8383,39.716,0,2008,2011,"Early Window","Hawelti",0
"44","3.75 km",12.5342,39.73416667,0,2008,2009,"Early Window","Korme",0
"45","3.75 km",12.76645,39.811,0,2008,2009,"Early Window","Mechare",0
"46","3.75 km",12.79798333,39.65126667,0,2008,2009,"Early Window","Tsigea",0
"47","3.75 km",12.44273333,39.80076667,0,2008,2009,"Early Window","Ulaga",0
"48","3.75 km",14.2107,39.61543333,0.5,2002,2010,"Early Window","Asmena",0.5
"49","3.75 km",14.01175,39.59356667,0.5,2002,2009,"Early Window","GuemseAgamet",0
"50","3.75 km",14.127,39.583,0,2004,2009,"Early Window","HadushAdi",-0.5
"51","3.75 km",14.2,39.6,0,2006,2010,"Early Window","HadushHiwet",0
"52","3.75 km",13.96051667,39.59608333,0,2008,2009,"Early Window","Sendada",-0.5
"53","3.75 km",14.01175,39.59356667,0.5,2002,2009,"Early Window","Sinkata",0
"54","3.75 km",13.348441,39.236951,0.5,2002,2009,"Early Window","AdekeAla",-0.5
"55","3.75 km",13.308802,39.229,1,2004,2009,"Early Window","AdisAlemS",0
"56","3.75 km",13.3,39.2,1,2004,2009,"Early Window","AmdiWeyane",0
"57","3.75 km",13.28738,39.177571,1,2004,2009,"Early Window","HintsaWaza",0
"58","3.75 km",13.254226,39.242201,1,2004,2009,"Early Window","MayTeklia",0
"59","3.75 km",13.237814,39.187599,0,2006,2009,"Early Window","MetkelLemat",-0.5
"60","3.75 km",13.43246667,38.96085,0,2009,2011,"Early Window","Gera",0
"61","3.75 km",13.4,39,0,2009,2011,"Early Window","ImbaRufael",0
"62","3.75 km",13.24661667,39.04156667,0,2006,2009,"Early Window","Lemlem",0
"63","3.75 km",13.19138333,38.99416667,0,2004,2009,"Early Window","Mearey",0
"64","3.75 km",14.1,39.2,0,2008,2009,"Early Window","AdisAlemW",0
"65","3.75 km",14.06666667,39.02396667,0,2005,2009,"Early Window","Endachiwa",0
"66","3.75 km",14,39.1,0.5,2005,2009,"Early Window","Endagahamus",0
"67","3.75 km",14,39.1,0.5,2005,2009,"Early Window","Maekelawi",0
"68","3.75 km",13.9,38.9,0,2009,2012,"Early Window","MaekelSegli",-0.5
"69","3.75 km",14,39,0,2009,2010,"Early Window","Selam",0
"70","7.5 km",14.1509,38.8504,0,2002,2009,"Early Window","Bethans",-0.5
"71","7.5 km",14.107,38.963,0,2009,2011,"Early Window","DebreGenetA",0
"72","7.5 km",14.158,38.961,0,2009,2011,"Early Window","EndaBagerima",0
"73","7.5 km",14.23,39.015,0,2009,2010,"Early Window","Gendebta",0
"74","7.5 km",14.0524,38.9571,0,2009,2011,"Early Window","MariamShewito",0
"75","7.5 km",14.204,38.8843,0.5,2003,2009,"Early Window","Seloda",0
"76","7.5 km",14.0784,38.9704,0,2009,2011,"Early Window","TahtayLegomti",0
"77","7.5 km",14.2475,38.878,0.5,2003,2009,"Early Window","Wedikeshi",0
"78","7.5 km",14.19138333,39.07198333,0.5,2002,2009,"Early Window","Adiyikoro",0
"79","7.5 km",14.2262,39.08181667,0.5,2002,2009,"Early Window","Adizata",0
"80","7.5 km",14.36085,39.10301667,0.5,2009,2010,"Early Window","Betgebez",0
"81","7.5 km",14.27076667,39.08091,0,2002,2009,"Early Window","LaelayMegariaTsemri",0
"82","7.5 km",14.2793,39.17853333,0,2009,2010,"Early Window","Maysuru",0
"83","7.5 km",14.32078333,39.22411667,0,2009,2010,"Early Window","Sero",0
"84","7.5 km",14.21841667,39.11961667,0.5,2002,2009,"Early Window","TahtayDaeroka",0
"85","7.5 km",14.30111667,39.07828333,0,2009,2010,"Early Window","TahtayMegariaTsebri",0
"86","7.5 km",12.527198,39.651575,0,2008,2009,"Early Window","Gerjale",0
"87","7.5 km",12.447477,39.65574,0,2008,2009,"Early Window","KuluGizeLemlem",0
"88","7.5 km",12.466214,39.650299,0,2008,2009,"Early Window","LaelayDayu",0
"89","7.5 km",12.398839,39.657985,0.5,2008,2009,"Early Window","Limaat",0
"90","7.5 km",12.414739,39.659153,0.5,2008,2009,"Early Window","SelamBekalsi",0
"91","7.5 km",12.358934,39.657374,0.5,2008,2009,"Early Window","SelenWuha",0
"92","7.5 km",13.81893333,39.72011667,0.5,2002,2008,"Early Window","BarkaAdiswha",0
"93","7.5 km",13.9,39.742,0.5,2002,2008,"Early Window","FelegeWayane",0.5
"94","7.5 km",13.87976667,39.73488333,0.5,2002,2008,"Early Window","Golgolemalee",0
"95","7.5 km",13.81136667,39.6867,0.5,2002,2004,"Early Window","Habees",0
"96","7.5 km",13.94443333,39.72905,0.5,2002,2008,"Early Window","RubaFelege",0
"97","7.5 km",13.8,39.5,0.5,2002,2011,"Early Window","AbrahaAtsbaha",0
"98","7.5 km",13.82423333,39.61081667,0.5,2002,2005,"Early Window","AdiKisandid",0
"99","7.5 km",13.75331667,39.54968333,0.5,2002,2011,"Early Window","Aynalem",0
"100","7.5 km",13.78058333,39.58768333,0.5,2002,2011,"Early Window","Genfel",0
"101","7.5 km",13.69048333,39.55716667,0,2008,2009,"Early Window","MahbereWeyane",0
"102","7.5 km",13.87613333,39.59755,0,2005,2011,"Early Window","Nagash",0
"103","7.5 km",13.733,39.087,0.5,2003,2009,"Early Window","AdiHa",0
"104","7.5 km",13.7,38.9,0,2003,2009,"Early Window","Atakilti",0
"105","7.5 km",13.744,39.136,0.5,2009,2012,"Early Window","AwetBikalsi",0
"106","7.5 km",13.62643333,38.92838333,0,2002,2009,"Early Window","Begashek",0
"107","7.5 km",13.6,39,0,2009,2010,"Early Window","DebreGenetK",0
"108","7.5 km",13.69308333,38.89091667,0,2003,2009,"Early Window","Menji",0
"109","7.5 km",12.42191667,39.67775,0.5,2008,2009,"Early Window","AdisKigni",0
"110","7.5 km",12.43026667,39.742,0,2008,2009,"Early Window","Bala",0
"111","7.5 km",12.86883333,39.67121667,0,2002,2008,"Early Window","Ebo",0
"112","7.5 km",12.8383,39.716,0,2008,2009,"Early Window","Hawelti",0
"113","7.5 km",12.5342,39.73416667,0,2008,2009,"Early Window","Korme",0
"114","7.5 km",12.76645,39.811,0,2008,2009,"Early Window","Mechare",0
"115","7.5 km",12.79798333,39.65126667,0,2008,2009,"Early Window","Tsigea",0
"116","7.5 km",12.44273333,39.80076667,0,2008,2009,"Early Window","Ulaga",0
"117","7.5 km",14.2107,39.61543333,0,2006,2010,"Early Window","Asmena",0
"118","7.5 km",14.01175,39.59356667,0.5,2002,2009,"Early Window","GuemseAgamet",0
"119","7.5 km",14.127,39.583,0.5,2004,2006,"Early Window","HadushAdi",0
"120","7.5 km",14.2,39.6,0,2006,2010,"Early Window","HadushHiwet",0
"121","7.5 km",13.96051667,39.59608333,0,2004,2009,"Early Window","Sendada",-0.5
"122","7.5 km",14.01175,39.59356667,0.5,2002,2009,"Early Window","Sinkata",0
"123","7.5 km",13.348441,39.236951,0.5,2002,2009,"Early Window","AdekeAla",-0.5
"124","7.5 km",13.308802,39.229,1,2004,2009,"Early Window","AdisAlemS",0
"125","7.5 km",13.3,39.2,1,2004,2009,"Early Window","AmdiWeyane",0
"126","7.5 km",13.28738,39.177571,1,2004,2009,"Early Window","HintsaWaza",0
"127","7.5 km",13.254226,39.242201,1,2004,2009,"Early Window","MayTeklia",0
"128","7.5 km",13.237814,39.187599,0,2006,2009,"Early Window","MetkelLemat",-0.5
"129","7.5 km",13.43246667,38.96085,0,2009,2011,"Early Window","Gera",0
"130","7.5 km",13.4,39,0,2009,2011,"Early Window","ImbaRufael",0
"131","7.5 km",13.24661667,39.04156667,0,2004,2009,"Early Window","Lemlem",0
"132","7.5 km",13.19138333,38.99416667,0,2004,2009,"Early Window","Mearey",0
"133","7.5 km",14.1,39.2,0,2009,2011,"Early Window","AdisAlemW",0
"134","7.5 km",14.06666667,39.02396667,0,2005,2009,"Early Window","Endachiwa",0
"135","7.5 km",14,39.1,0.5,2005,2009,"Early Window","Endagahamus",0
"136","7.5 km",14,39.1,0.5,2005,2009,"Early Window","Maekelawi",0
"137","7.5 km",13.9,38.9,0,2009,2012,"Early Window","MaekelSegli",-0.5
"138","7.5 km",14,39,0,2009,2010,"Early Window","Selam",0
"139","11.25 km",14.1509,38.8504,0,2002,2009,"Early Window","Bethans",-0.5
"140","11.25 km",14.107,38.963,0,2009,2011,"Early Window","DebreGenetA",0
"141","11.25 km",14.158,38.961,0,2009,2011,"Early Window","EndaBagerima",0
"142","11.25 km",14.23,39.015,0,2002,2009,"Early Window","Gendebta",0
"143","11.25 km",14.0524,38.9571,0,2009,2011,"Early Window","MariamShewito",0
"144","11.25 km",14.204,38.8843,0.5,2003,2009,"Early Window","Seloda",0
"145","11.25 km",14.0784,38.9704,0,2009,2011,"Early Window","TahtayLegomti",0
"146","11.25 km",14.2475,38.878,0.5,2003,2009,"Early Window","Wedikeshi",0
"147","11.25 km",14.19138333,39.07198333,0.5,2002,2009,"Early Window","Adiyikoro",0
"148","11.25 km",14.2262,39.08181667,0.5,2002,2009,"Early Window","Adizata",0
"149","11.25 km",14.36085,39.10301667,0.5,2009,2010,"Early Window","Betgebez",0
"150","11.25 km",14.27076667,39.08091,0,2002,2009,"Early Window","LaelayMegariaTsemri",0
"151","11.25 km",14.2793,39.17853333,0,2009,2010,"Early Window","Maysuru",0
"152","11.25 km",14.32078333,39.22411667,0,2009,2010,"Early Window","Sero",0
"153","11.25 km",14.21841667,39.11961667,0.5,2002,2009,"Early Window","TahtayDaeroka",0
"154","11.25 km",14.30111667,39.07828333,0,2009,2010,"Early Window","TahtayMegariaTsebri",0
"155","11.25 km",12.527198,39.651575,0,2008,2009,"Early Window","Gerjale",0
"156","11.25 km",12.447477,39.65574,0,2008,2009,"Early Window","KuluGizeLemlem",0
"157","11.25 km",12.466214,39.650299,0,2008,2009,"Early Window","LaelayDayu",0
"158","11.25 km",12.398839,39.657985,0.5,2008,2009,"Early Window","Limaat",0
"159","11.25 km",12.414739,39.659153,0.5,2008,2009,"Early Window","SelamBekalsi",0
"160","11.25 km",12.358934,39.657374,0.5,2008,2009,"Early Window","SelenWuha",0
"161","11.25 km",13.81893333,39.72011667,0.5,2002,2008,"Early Window","BarkaAdiswha",0
"162","11.25 km",13.9,39.742,0,2008,2009,"Early Window","FelegeWayane",0
"163","11.25 km",13.87976667,39.73488333,0.5,2002,2008,"Early Window","Golgolemalee",0
"164","11.25 km",13.81136667,39.6867,0.5,2002,2008,"Early Window","Habees",0
"165","11.25 km",13.94443333,39.72905,0.5,2002,2008,"Early Window","RubaFelege",0
"166","11.25 km",13.8,39.5,0.5,2002,2011,"Early Window","AbrahaAtsbaha",0
"167","11.25 km",13.82423333,39.61081667,0.5,2002,2011,"Early Window","AdiKisandid",0
"168","11.25 km",13.75331667,39.54968333,0.5,2002,2011,"Early Window","Aynalem",0
"169","11.25 km",13.78058333,39.58768333,0.5,2002,2011,"Early Window","Genfel",0
"170","11.25 km",13.69048333,39.55716667,0,2008,2009,"Early Window","MahbereWeyane",0
"171","11.25 km",13.87613333,39.59755,0,2005,2011,"Early Window","Nagash",0
"172","11.25 km",13.733,39.087,0.5,2009,2012,"Early Window","AdiHa",0
"173","11.25 km",13.7,38.9,0,2003,2009,"Early Window","Atakilti",0
"174","11.25 km",13.744,39.136,0.5,2009,2010,"Early Window","AwetBikalsi",0
"175","11.25 km",13.62643333,38.92838333,0,2002,2009,"Early Window","Begashek",0
"176","11.25 km",13.6,39,0,2009,2012,"Early Window","DebreGenetK",0
"177","11.25 km",13.69308333,38.89091667,0,2003,2009,"Early Window","Menji",0
"178","11.25 km",12.42191667,39.67775,0.5,2008,2009,"Early Window","AdisKigni",0
"179","11.25 km",12.43026667,39.742,0,2008,2009,"Early Window","Bala",0
"180","11.25 km",12.86883333,39.67121667,0,2008,2009,"Early Window","Ebo",0
"181","11.25 km",12.8383,39.716,0,2008,2009,"Early Window","Hawelti",0
"182","11.25 km",12.5342,39.73416667,0,2008,2009,"Early Window","Korme",0
"183","11.25 km",12.76645,39.811,0,2008,2009,"Early Window","Mechare",0
"184","11.25 km",12.79798333,39.65126667,0,2008,2009,"Early Window","Tsigea",0
"185","11.25 km",12.44273333,39.80076667,0,2008,2009,"Early Window","Ulaga",0
"186","11.25 km",14.2107,39.61543333,0,2006,2010,"Early Window","Asmena",0
"187","11.25 km",14.01175,39.59356667,0.5,2002,2009,"Early Window","GuemseAgamet",0
"188","11.25 km",14.127,39.583,0.5,2004,2006,"Early Window","HadushAdi",0
"189","11.25 km",14.2,39.6,0,2006,2010,"Early Window","HadushHiwet",0
"190","11.25 km",13.96051667,39.59608333,0,2004,2009,"Early Window","Sendada",-0.5
"191","11.25 km",14.01175,39.59356667,0.5,2002,2009,"Early Window","Sinkata",0
"192","11.25 km",13.348441,39.236951,0.5,2002,2009,"Early Window","AdekeAla",-0.5
"193","11.25 km",13.308802,39.229,1,2004,2009,"Early Window","AdisAlemS",0
"194","11.25 km",13.3,39.2,1,2004,2009,"Early Window","AmdiWeyane",0
"195","11.25 km",13.28738,39.177571,1,2004,2009,"Early Window","HintsaWaza",0
"196","11.25 km",13.254226,39.242201,1,2004,2009,"Early Window","MayTeklia",0
"197","11.25 km",13.237814,39.187599,0,2006,2009,"Early Window","MetkelLemat",-0.5
"198","11.25 km",13.43246667,38.96085,0,2009,2011,"Early Window","Gera",0
"199","11.25 km",13.4,39,0,2009,2011,"Early Window","ImbaRufael",0
"200","11.25 km",13.24661667,39.04156667,0,2004,2009,"Early Window","Lemlem",0
"201","11.25 km",13.19138333,38.99416667,0,2004,2009,"Early Window","Mearey",0
"202","11.25 km",14.1,39.2,0,2009,2011,"Early Window","AdisAlemW",0
"203","11.25 km",14.06666667,39.02396667,0,2005,2009,"Early Window","Endachiwa",0
"204","11.25 km",14,39.1,0.5,2005,2009,"Early Window","Endagahamus",0
"205","11.25 km",14,39.1,0.5,2005,2009,"Early Window","Maekelawi",0
"206","11.25 km",13.9,38.9,0.5,2002,2009,"Early Window","MaekelSegli",0
"207","11.25 km",14,39,0,2009,2012,"Early Window","Selam",0
"208","15 km",14.1509,38.8504,0,2009,2011,"Early Window","Bethans",-0.5
"209","15 km",14.107,38.963,0,2009,2011,"Early Window","DebreGenetA",0
"210","15 km",14.158,38.961,0,2009,2011,"Early Window","EndaBagerima",0
"211","15 km",14.23,39.015,0,2002,2009,"Early Window","Gendebta",0
"212","15 km",14.0524,38.9571,0,2009,2012,"Early Window","MariamShewito",0
"213","15 km",14.204,38.8843,0.5,2003,2009,"Early Window","Seloda",0
"214","15 km",14.0784,38.9704,0,2009,2011,"Early Window","TahtayLegomti",0
"215","15 km",14.2475,38.878,0.5,2003,2009,"Early Window","Wedikeshi",0
"216","15 km",14.19138333,39.07198333,0.5,2002,2009,"Early Window","Adiyikoro",0
"217","15 km",14.2262,39.08181667,0.5,2002,2009,"Early Window","Adizata",0
"218","15 km",14.36085,39.10301667,0.5,2009,2010,"Early Window","Betgebez",0
"219","15 km",14.27076667,39.08091,0,2002,2009,"Early Window","LaelayMegariaTsemri",0
"220","15 km",14.2793,39.17853333,0,2009,2010,"Early Window","Maysuru",0
"221","15 km",14.32078333,39.22411667,0,2009,2010,"Early Window","Sero",0
"222","15 km",14.21841667,39.11961667,0.5,2002,2009,"Early Window","TahtayDaeroka",0
"223","15 km",14.30111667,39.07828333,0,2009,2010,"Early Window","TahtayMegariaTsebri",0
"224","15 km",12.527198,39.651575,0,2008,2009,"Early Window","Gerjale",0
"225","15 km",12.447477,39.65574,0,2008,2009,"Early Window","KuluGizeLemlem",0
"226","15 km",12.466214,39.650299,0,2008,2009,"Early Window","LaelayDayu",0
"227","15 km",12.398839,39.657985,0.5,2008,2009,"Early Window","Limaat",0
"228","15 km",12.414739,39.659153,0.5,2008,2009,"Early Window","SelamBekalsi",0
"229","15 km",12.358934,39.657374,0.5,2008,2009,"Early Window","SelenWuha",0
"230","15 km",13.81893333,39.72011667,0.5,2002,2008,"Early Window","BarkaAdiswha",0
"231","15 km",13.9,39.742,0,2008,2009,"Early Window","FelegeWayane",0
"232","15 km",13.87976667,39.73488333,0.5,2002,2008,"Early Window","Golgolemalee",0
"233","15 km",13.81136667,39.6867,0.5,2002,2008,"Early Window","Habees",0
"234","15 km",13.94443333,39.72905,0.5,2002,2008,"Early Window","RubaFelege",0
"235","15 km",13.8,39.5,0.5,2002,2011,"Early Window","AbrahaAtsbaha",0
"236","15 km",13.82423333,39.61081667,0.5,2002,2011,"Early Window","AdiKisandid",0
"237","15 km",13.75331667,39.54968333,0.5,2002,2011,"Early Window","Aynalem",0
"238","15 km",13.78058333,39.58768333,0.5,2002,2011,"Early Window","Genfel",0
"239","15 km",13.69048333,39.55716667,0,2008,2011,"Early Window","MahbereWeyane",0
"240","15 km",13.87613333,39.59755,0,2005,2011,"Early Window","Nagash",0
"241","15 km",13.733,39.087,0.5,2004,2009,"Early Window","AdiHa",0
"242","15 km",13.7,38.9,0,2003,2009,"Early Window","Atakilti",0
"243","15 km",13.744,39.136,0.5,2009,2010,"Early Window","AwetBikalsi",0
"244","15 km",13.62643333,38.92838333,0,2002,2009,"Early Window","Begashek",0
"245","15 km",13.6,39,0,2009,2012,"Early Window","DebreGenetK",0
"246","15 km",13.69308333,38.89091667,0,2003,2009,"Early Window","Menji",0
"247","15 km",12.42191667,39.67775,0.5,2008,2009,"Early Window","AdisKigni",0
"248","15 km",12.43026667,39.742,0,2008,2009,"Early Window","Bala",0
"249","15 km",12.86883333,39.67121667,0,2008,2009,"Early Window","Ebo",0
"250","15 km",12.8383,39.716,0,2008,2009,"Early Window","Hawelti",0
"251","15 km",12.5342,39.73416667,0,2008,2009,"Early Window","Korme",0
"252","15 km",12.76645,39.811,0,2008,2009,"Early Window","Mechare",0
"253","15 km",12.79798333,39.65126667,0,2008,2009,"Early Window","Tsigea",0
"254","15 km",12.44273333,39.80076667,0,2008,2009,"Early Window","Ulaga",0
"255","15 km",14.2107,39.61543333,0.5,2002,2006,"Early Window","Asmena",0.5
"256","15 km",14.01175,39.59356667,0.5,2002,2004,"Early Window","GuemseAgamet",0
"257","15 km",14.127,39.583,0.5,2004,2006,"Early Window","HadushAdi",0
"258","15 km",14.2,39.6,0.5,2002,2006,"Early Window","HadushHiwet",0.5
"259","15 km",13.96051667,39.59608333,0,2005,2009,"Early Window","Sendada",-0.5
"260","15 km",14.01175,39.59356667,0.5,2002,2004,"Early Window","Sinkata",0
"261","15 km",13.348441,39.236951,0.5,2002,2009,"Early Window","AdekeAla",-0.5
"262","15 km",13.308802,39.229,1,2004,2009,"Early Window","AdisAlemS",0
"263","15 km",13.3,39.2,1,2004,2009,"Early Window","AmdiWeyane",0
"264","15 km",13.28738,39.177571,1,2004,2009,"Early Window","HintsaWaza",0
"265","15 km",13.254226,39.242201,1,2004,2009,"Early Window","MayTeklia",0
"266","15 km",13.237814,39.187599,0.5,2004,2009,"Early Window","MetkelLemat",0
"267","15 km",13.43246667,38.96085,0,2009,2011,"Early Window","Gera",0
"268","15 km",13.4,39,0,2009,2011,"Early Window","ImbaRufael",0
"269","15 km",13.24661667,39.04156667,0,2004,2009,"Early Window","Lemlem",0
"270","15 km",13.19138333,38.99416667,0,2004,2009,"Early Window","Mearey",0
"271","15 km",14.1,39.2,0,2009,2011,"Early Window","AdisAlemW",0
"272","15 km",14.06666667,39.02396667,0,2005,2009,"Early Window","Endachiwa",0
"273","15 km",14,39.1,0.5,2005,2009,"Early Window","Endagahamus",0
"274","15 km",14,39.1,0.5,2005,2009,"Early Window","Maekelawi",0
"275","15 km",13.9,38.9,0.5,2002,2009,"Early Window","MaekelSegli",0
"276","15 km",14,39,0,2009,2012,"Early Window","Selam",0
"277","3.75 km",14.1509,38.8504,0.5,2008,2009,"Late Window","Bethans",0
"278","3.75 km",14.107,38.963,1,2004,2009,"Late Window","DebreGenetA",0
"279","3.75 km",14.158,38.961,0.5,2008,2009,"Late Window","EndaBagerima",0
"280","3.75 km",14.23,39.015,0.5,2008,2009,"Late Window","Gendebta",0
"281","3.75 km",14.0524,38.9571,1,2004,2009,"Late Window","MariamShewito",0
"282","3.75 km",14.204,38.8843,0.5,2009,2011,"Late Window","Seloda",0
"283","3.75 km",14.0784,38.9704,1,2004,2009,"Late Window","TahtayLegomti",0
"284","3.75 km",14.2475,38.878,0.5,2008,2009,"Late Window","Wedikeshi",0
"285","3.75 km",14.19138333,39.07198333,0.5,2008,2009,"Late Window","Adiyikoro",0
"286","3.75 km",14.2262,39.08181667,0.5,2001,2009,"Late Window","Adizata",0
"287","3.75 km",14.36085,39.10301667,0.5,2002,2009,"Late Window","Betgebez",0
"288","3.75 km",14.27076667,39.08091,0,2008,2009,"Late Window","LaelayMegariaTsemri",-0.5
"289","3.75 km",14.2793,39.17853333,0.5,2004,2009,"Late Window","Maysuru",0
"290","3.75 km",14.32078333,39.22411667,0.5,2004,2005,"Late Window","Sero",0
"291","3.75 km",14.21841667,39.11961667,1,2004,2009,"Late Window","TahtayDaeroka",0.5
"292","3.75 km",14.30111667,39.07828333,0.5,2004,2009,"Late Window","TahtayMegariaTsebri",0
"293","3.75 km",12.527198,39.651575,1,2004,2009,"Late Window","Gerjale",0
"294","3.75 km",12.447477,39.65574,1,2004,2009,"Late Window","KuluGizeLemlem",0
"295","3.75 km",12.466214,39.650299,1,2004,2009,"Late Window","LaelayDayu",0
"296","3.75 km",12.398839,39.657985,0.5,2004,2009,"Late Window","Limaat",0
"297","3.75 km",12.414739,39.659153,1,2004,2009,"Late Window","SelamBekalsi",0
"298","3.75 km",12.358934,39.657374,0.5,2004,2009,"Late Window","SelenWuha",0
"299","3.75 km",13.81893333,39.72011667,1,2004,2009,"Late Window","BarkaAdiswha",0.5
"300","3.75 km",13.9,39.742,0.5,2004,2008,"Late Window","FelegeWayane",-0.5
"301","3.75 km",13.87976667,39.73488333,1,2004,2009,"Late Window","Golgolemalee",0
"302","3.75 km",13.81136667,39.6867,0.5,2005,2009,"Late Window","Habees",0
"303","3.75 km",13.94443333,39.72905,0.5,2008,2009,"Late Window","RubaFelege",-0.5
"304","3.75 km",13.8,39.5,0.5,2004,2009,"Late Window","AbrahaAtsbaha",0
"305","3.75 km",13.82423333,39.61081667,0.5,2005,2009,"Late Window","AdiKisandid",0
"306","3.75 km",13.75331667,39.54968333,0,2005,2009,"Late Window","Aynalem",-0.5
"307","3.75 km",13.78058333,39.58768333,0.5,2005,2009,"Late Window","Genfel",0
"308","3.75 km",13.69048333,39.55716667,1,2004,2009,"Late Window","MahbereWeyane",0
"309","3.75 km",13.87613333,39.59755,0.5,2002,2009,"Late Window","Nagash",0
"310","3.75 km",13.733,39.087,1,2004,2009,"Late Window","AdiHa",0
"311","3.75 km",13.7,38.9,0,2002,2007,"Late Window","Atakilti",-0.5
"312","3.75 km",13.744,39.136,0.5,2004,2006,"Late Window","AwetBikalsi",-0.5
"313","3.75 km",13.62643333,38.92838333,0.5,2008,2009,"Late Window","Begashek",0
"314","3.75 km",13.6,39,0.5,2009,2010,"Late Window","DebreGenetK",0
"315","3.75 km",13.69308333,38.89091667,0,2002,2007,"Late Window","Menji",-0.5
"316","3.75 km",12.42191667,39.67775,1,2004,2009,"Late Window","AdisKigni",0
"317","3.75 km",12.43026667,39.742,1,2004,2009,"Late Window","Bala",0
"318","3.75 km",12.86883333,39.67121667,0.5,2008,2012,"Late Window","Ebo",0
"319","3.75 km",12.8383,39.716,0,2008,2012,"Late Window","Hawelti",0
"320","3.75 km",12.5342,39.73416667,0.5,2008,2009,"Late Window","Korme",-0.5
"321","3.75 km",12.76645,39.811,0.5,2004,2012,"Late Window","Mechare",0.5
"322","3.75 km",12.79798333,39.65126667,0,2002,2012,"Late Window","Tsigea",0
"323","3.75 km",12.44273333,39.80076667,0.5,2004,2009,"Late Window","Ulaga",0
"324","3.75 km",14.2107,39.61543333,0.5,2002,2004,"Late Window","Asmena",0
"325","3.75 km",14.01175,39.59356667,0.5,2009,2012,"Late Window","GuemseAgamet",0
"326","3.75 km",14.127,39.583,0.5,2004,2009,"Late Window","HadushAdi",0.5
"327","3.75 km",14.2,39.6,0.5,2004,2008,"Late Window","HadushHiwet",0
"328","3.75 km",13.96051667,39.59608333,0,2002,2009,"Late Window","Sendada",-0.5
"329","3.75 km",14.01175,39.59356667,0.5,2009,2012,"Late Window","Sinkata",0
"330","3.75 km",13.348441,39.236951,0.5,2008,2009,"Late Window","AdekeAla",-0.5
"331","3.75 km",13.308802,39.229,1,2004,2008,"Late Window","AdisAlemS",0
"332","3.75 km",13.3,39.2,1,2004,2008,"Late Window","AmdiWeyane",0
"333","3.75 km",13.28738,39.177571,0.5,2004,2009,"Late Window","HintsaWaza",-0.5
"334","3.75 km",13.254226,39.242201,0.5,2004,2009,"Late Window","MayTeklia",-0.5
"335","3.75 km",13.237814,39.187599,0.5,2002,2009,"Late Window","MetkelLemat",-0.5
"336","3.75 km",13.43246667,38.96085,0,2008,2009,"Late Window","Gera",0
"337","3.75 km",13.4,39,0,2008,2009,"Late Window","ImbaRufael",0
"338","3.75 km",13.24661667,39.04156667,0,2008,2009,"Late Window","Lemlem",0
"339","3.75 km",13.19138333,38.99416667,0.5,2004,2008,"Late Window","Mearey",0.5
"340","3.75 km",14.1,39.2,0.5,2004,2009,"Late Window","AdisAlemW",0
"341","3.75 km",14.06666667,39.02396667,1,2004,2009,"Late Window","Endachiwa",0
"342","3.75 km",14,39.1,1,2004,2009,"Late Window","Endagahamus",0
"343","3.75 km",14,39.1,1,2004,2009,"Late Window","Maekelawi",0
"344","3.75 km",13.9,38.9,1,2004,2009,"Late Window","MaekelSegli",0.5
"345","3.75 km",14,39,0.5,2008,2009,"Late Window","Selam",0
"346","7.5 km",14.1509,38.8504,0.5,2008,2009,"Late Window","Bethans",0
"347","7.5 km",14.107,38.963,1,2004,2009,"Late Window","DebreGenetA",0
"348","7.5 km",14.158,38.961,0.5,2008,2009,"Late Window","EndaBagerima",0
"349","7.5 km",14.23,39.015,0.5,2008,2009,"Late Window","Gendebta",0
"350","7.5 km",14.0524,38.9571,1,2004,2009,"Late Window","MariamShewito",0
"351","7.5 km",14.204,38.8843,0.5,2008,2009,"Late Window","Seloda",0
"352","7.5 km",14.0784,38.9704,1,2004,2009,"Late Window","TahtayLegomti",0
"353","7.5 km",14.2475,38.878,0.5,2008,2009,"Late Window","Wedikeshi",0
"354","7.5 km",14.19138333,39.07198333,0.5,2008,2009,"Late Window","Adiyikoro",0
"355","7.5 km",14.2262,39.08181667,0.5,2001,2009,"Late Window","Adizata",0
"356","7.5 km",14.36085,39.10301667,0.5,2002,2009,"Late Window","Betgebez",0
"357","7.5 km",14.27076667,39.08091,0,2008,2009,"Late Window","LaelayMegariaTsemri",-0.5
"358","7.5 km",14.2793,39.17853333,0.5,2004,2009,"Late Window","Maysuru",0
"359","7.5 km",14.32078333,39.22411667,0.5,2004,2005,"Late Window","Sero",0
"360","7.5 km",14.21841667,39.11961667,0.5,2001,2009,"Late Window","TahtayDaeroka",0
"361","7.5 km",14.30111667,39.07828333,0.5,2004,2009,"Late Window","TahtayMegariaTsebri",0
"362","7.5 km",12.527198,39.651575,1,2004,2009,"Late Window","Gerjale",0
"363","7.5 km",12.447477,39.65574,1,2004,2009,"Late Window","KuluGizeLemlem",0
"364","7.5 km",12.466214,39.650299,1,2004,2009,"Late Window","LaelayDayu",0
"365","7.5 km",12.398839,39.657985,0.5,2004,2009,"Late Window","Limaat",0
"366","7.5 km",12.414739,39.659153,1,2004,2009,"Late Window","SelamBekalsi",0
"367","7.5 km",12.358934,39.657374,0.5,2004,2009,"Late Window","SelenWuha",0
"368","7.5 km",13.81893333,39.72011667,1,2004,2009,"Late Window","BarkaAdiswha",0.5
"369","7.5 km",13.9,39.742,0.5,2004,2008,"Late Window","FelegeWayane",-0.5
"370","7.5 km",13.87976667,39.73488333,1,2004,2009,"Late Window","Golgolemalee",0
"371","7.5 km",13.81136667,39.6867,0.5,2006,2009,"Late Window","Habees",0
"372","7.5 km",13.94443333,39.72905,0.5,2008,2009,"Late Window","RubaFelege",-0.5
"373","7.5 km",13.8,39.5,0.5,2004,2009,"Late Window","AbrahaAtsbaha",0
"374","7.5 km",13.82423333,39.61081667,0.5,2005,2009,"Late Window","AdiKisandid",0
"375","7.5 km",13.75331667,39.54968333,0.5,2004,2009,"Late Window","Aynalem",0
"376","7.5 km",13.78058333,39.58768333,0.5,2005,2009,"Late Window","Genfel",0
"377","7.5 km",13.69048333,39.55716667,1,2004,2009,"Late Window","MahbereWeyane",0
"378","7.5 km",13.87613333,39.59755,0.5,2002,2009,"Late Window","Nagash",0
"379","7.5 km",13.733,39.087,1,2004,2009,"Late Window","AdiHa",0
"380","7.5 km",13.7,38.9,0,2002,2006,"Late Window","Atakilti",-0.5
"381","7.5 km",13.744,39.136,0.5,2004,2006,"Late Window","AwetBikalsi",-0.5
"382","7.5 km",13.62643333,38.92838333,0.5,2008,2009,"Late Window","Begashek",0
"383","7.5 km",13.6,39,0.5,2009,2010,"Late Window","DebreGenetK",0
"384","7.5 km",13.69308333,38.89091667,0.5,2002,2009,"Late Window","Menji",0
"385","7.5 km",12.42191667,39.67775,1,2004,2009,"Late Window","AdisKigni",0
"386","7.5 km",12.43026667,39.742,1,2004,2009,"Late Window","Bala",0
"387","7.5 km",12.86883333,39.67121667,0.5,2008,2012,"Late Window","Ebo",0
"388","7.5 km",12.8383,39.716,0.5,2004,2012,"Late Window","Hawelti",0.5
"389","7.5 km",12.5342,39.73416667,0.5,2008,2009,"Late Window","Korme",-0.5
"390","7.5 km",12.76645,39.811,0,2002,2012,"Late Window","Mechare",0
"391","7.5 km",12.79798333,39.65126667,0,2002,2012,"Late Window","Tsigea",0
"392","7.5 km",12.44273333,39.80076667,0.5,2004,2009,"Late Window","Ulaga",0
"393","7.5 km",14.2107,39.61543333,0.5,2002,2004,"Late Window","Asmena",0
"394","7.5 km",14.01175,39.59356667,0.5,2004,2009,"Late Window","GuemseAgamet",0
"395","7.5 km",14.127,39.583,0,2002,2009,"Late Window","HadushAdi",0
"396","7.5 km",14.2,39.6,0.5,2002,2004,"Late Window","HadushHiwet",0
"397","7.5 km",13.96051667,39.59608333,0.5,2004,2009,"Late Window","Sendada",0
"398","7.5 km",14.01175,39.59356667,0.5,2004,2009,"Late Window","Sinkata",0
"399","7.5 km",13.348441,39.236951,0.5,2008,2009,"Late Window","AdekeAla",-0.5
"400","7.5 km",13.308802,39.229,1,2004,2008,"Late Window","AdisAlemS",0
"401","7.5 km",13.3,39.2,1,2004,2008,"Late Window","AmdiWeyane",0
"402","7.5 km",13.28738,39.177571,1,2004,2008,"Late Window","HintsaWaza",0
"403","7.5 km",13.254226,39.242201,0.5,2004,2009,"Late Window","MayTeklia",-0.5
"404","7.5 km",13.237814,39.187599,0.5,2002,2004,"Late Window","MetkelLemat",-0.5
"405","7.5 km",13.43246667,38.96085,0,2008,2009,"Late Window","Gera",0
"406","7.5 km",13.4,39,0,2008,2009,"Late Window","ImbaRufael",0
"407","7.5 km",13.24661667,39.04156667,0,2008,2009,"Late Window","Lemlem",0
"408","7.5 km",13.19138333,38.99416667,0.5,2004,2008,"Late Window","Mearey",0.5
"409","7.5 km",14.1,39.2,0.5,2004,2009,"Late Window","AdisAlemW",0
"410","7.5 km",14.06666667,39.02396667,1,2004,2009,"Late Window","Endachiwa",0
"411","7.5 km",14,39.1,1,2004,2009,"Late Window","Endagahamus",0
"412","7.5 km",14,39.1,1,2004,2009,"Late Window","Maekelawi",0
"413","7.5 km",13.9,38.9,0.5,2002,2009,"Late Window","MaekelSegli",0
"414","7.5 km",14,39,0.5,2008,2009,"Late Window","Selam",0
"415","11.25 km",14.1509,38.8504,0.5,2008,2009,"Late Window","Bethans",0
"416","11.25 km",14.107,38.963,1,2004,2009,"Late Window","DebreGenetA",0
"417","11.25 km",14.158,38.961,0.5,2008,2009,"Late Window","EndaBagerima",0
"418","11.25 km",14.23,39.015,0.5,2008,2009,"Late Window","Gendebta",0
"419","11.25 km",14.0524,38.9571,1,2004,2009,"Late Window","MariamShewito",0
"420","11.25 km",14.204,38.8843,0.5,2008,2009,"Late Window","Seloda",0
"421","11.25 km",14.0784,38.9704,1,2004,2009,"Late Window","TahtayLegomti",0
"422","11.25 km",14.2475,38.878,0.5,2008,2009,"Late Window","Wedikeshi",0
"423","11.25 km",14.19138333,39.07198333,0.5,2008,2009,"Late Window","Adiyikoro",0
"424","11.25 km",14.2262,39.08181667,0.5,2008,2009,"Late Window","Adizata",0
"425","11.25 km",14.36085,39.10301667,0.5,2002,2009,"Late Window","Betgebez",0
"426","11.25 km",14.27076667,39.08091,0.5,2004,2009,"Late Window","LaelayMegariaTsemri",0
"427","11.25 km",14.2793,39.17853333,0.5,2004,2009,"Late Window","Maysuru",0
"428","11.25 km",14.32078333,39.22411667,0.5,2004,2009,"Late Window","Sero",0
"429","11.25 km",14.21841667,39.11961667,0.5,2001,2009,"Late Window","TahtayDaeroka",0
"430","11.25 km",14.30111667,39.07828333,0.5,2004,2009,"Late Window","TahtayMegariaTsebri",0
"431","11.25 km",12.527198,39.651575,1,2004,2009,"Late Window","Gerjale",0
"432","11.25 km",12.447477,39.65574,1,2004,2009,"Late Window","KuluGizeLemlem",0
"433","11.25 km",12.466214,39.650299,1,2004,2009,"Late Window","LaelayDayu",0
"434","11.25 km",12.398839,39.657985,0.5,2004,2009,"Late Window","Limaat",0
"435","11.25 km",12.414739,39.659153,1,2004,2009,"Late Window","SelamBekalsi",0
"436","11.25 km",12.358934,39.657374,0.5,2004,2009,"Late Window","SelenWuha",0
"437","11.25 km",13.81893333,39.72011667,1,2004,2009,"Late Window","BarkaAdiswha",0.5
"438","11.25 km",13.9,39.742,0.5,2004,2008,"Late Window","FelegeWayane",-0.5
"439","11.25 km",13.87976667,39.73488333,1,2004,2009,"Late Window","Golgolemalee",0
"440","11.25 km",13.81136667,39.6867,0.5,2006,2009,"Late Window","Habees",0
"441","11.25 km",13.94443333,39.72905,0.5,2008,2009,"Late Window","RubaFelege",-0.5
"442","11.25 km",13.8,39.5,0.5,2004,2009,"Late Window","AbrahaAtsbaha",0
"443","11.25 km",13.82423333,39.61081667,0.5,2005,2009,"Late Window","AdiKisandid",0
"444","11.25 km",13.75331667,39.54968333,0.5,2004,2009,"Late Window","Aynalem",0
"445","11.25 km",13.78058333,39.58768333,0.5,2005,2009,"Late Window","Genfel",0
"446","11.25 km",13.69048333,39.55716667,1,2004,2009,"Late Window","MahbereWeyane",0
"447","11.25 km",13.87613333,39.59755,0.5,2002,2009,"Late Window","Nagash",0
"448","11.25 km",13.733,39.087,0.5,2004,2008,"Late Window","AdiHa",-0.5
"449","11.25 km",13.7,38.9,0.5,2002,2009,"Late Window","Atakilti",0
"450","11.25 km",13.744,39.136,1,2004,2009,"Late Window","AwetBikalsi",0
"451","11.25 km",13.62643333,38.92838333,0.5,2008,2009,"Late Window","Begashek",0
"452","11.25 km",13.6,39,0.5,2009,2010,"Late Window","DebreGenetK",0
"453","11.25 km",13.69308333,38.89091667,0.5,2002,2009,"Late Window","Menji",0
"454","11.25 km",12.42191667,39.67775,1,2004,2009,"Late Window","AdisKigni",0
"455","11.25 km",12.43026667,39.742,1,2004,2009,"Late Window","Bala",0
"456","11.25 km",12.86883333,39.67121667,0.5,2008,2012,"Late Window","Ebo",0
"457","11.25 km",12.8383,39.716,0,2008,2012,"Late Window","Hawelti",0
"458","11.25 km",12.5342,39.73416667,0.5,2008,2009,"Late Window","Korme",-0.5
"459","11.25 km",12.76645,39.811,0,2008,2012,"Late Window","Mechare",0
"460","11.25 km",12.79798333,39.65126667,0,2008,2012,"Late Window","Tsigea",0
"461","11.25 km",12.44273333,39.80076667,0,2008,2009,"Late Window","Ulaga",-0.5
"462","11.25 km",14.2107,39.61543333,0.5,2002,2004,"Late Window","Asmena",0
"463","11.25 km",14.01175,39.59356667,0.5,2004,2009,"Late Window","GuemseAgamet",0
"464","11.25 km",14.127,39.583,0,2002,2009,"Late Window","HadushAdi",0
"465","11.25 km",14.2,39.6,0.5,2002,2004,"Late Window","HadushHiwet",0
"466","11.25 km",13.96051667,39.59608333,0.5,2004,2009,"Late Window","Sendada",0
"467","11.25 km",14.01175,39.59356667,0.5,2004,2009,"Late Window","Sinkata",0
"468","11.25 km",13.348441,39.236951,0.5,2008,2009,"Late Window","AdekeAla",-0.5
"469","11.25 km",13.308802,39.229,1,2004,2008,"Late Window","AdisAlemS",0
"470","11.25 km",13.3,39.2,1,2004,2008,"Late Window","AmdiWeyane",0
"471","11.25 km",13.28738,39.177571,1,2004,2008,"Late Window","HintsaWaza",0
"472","11.25 km",13.254226,39.242201,0.5,2004,2009,"Late Window","MayTeklia",-0.5
"473","11.25 km",13.237814,39.187599,1,2004,2009,"Late Window","MetkelLemat",0
"474","11.25 km",13.43246667,38.96085,0,2008,2009,"Late Window","Gera",0
"475","11.25 km",13.4,39,0,2008,2009,"Late Window","ImbaRufael",0
"476","11.25 km",13.24661667,39.04156667,0,2008,2009,"Late Window","Lemlem",0
"477","11.25 km",13.19138333,38.99416667,0.5,2004,2008,"Late Window","Mearey",0.5
"478","11.25 km",14.1,39.2,0.5,2004,2009,"Late Window","AdisAlemW",0
"479","11.25 km",14.06666667,39.02396667,1,2004,2009,"Late Window","Endachiwa",0
"480","11.25 km",14,39.1,1,2004,2009,"Late Window","Endagahamus",0
"481","11.25 km",14,39.1,1,2004,2009,"Late Window","Maekelawi",0
"482","11.25 km",13.9,38.9,1,2004,2009,"Late Window","MaekelSegli",0.5
"483","11.25 km",14,39,0.5,2008,2009,"Late Window","Selam",0
"484","15 km",14.1509,38.8504,0.5,2008,2009,"Late Window","Bethans",0
"485","15 km",14.107,38.963,1,2004,2009,"Late Window","DebreGenetA",0
"486","15 km",14.158,38.961,0.5,2008,2009,"Late Window","EndaBagerima",0
"487","15 km",14.23,39.015,0.5,2008,2009,"Late Window","Gendebta",0
"488","15 km",14.0524,38.9571,1,2004,2009,"Late Window","MariamShewito",0
"489","15 km",14.204,38.8843,0.5,2008,2009,"Late Window","Seloda",0
"490","15 km",14.0784,38.9704,1,2004,2009,"Late Window","TahtayLegomti",0
"491","15 km",14.2475,38.878,0.5,2008,2009,"Late Window","Wedikeshi",0
"492","15 km",14.19138333,39.07198333,0.5,2008,2009,"Late Window","Adiyikoro",0
"493","15 km",14.2262,39.08181667,0.5,2008,2009,"Late Window","Adizata",0
"494","15 km",14.36085,39.10301667,1,2004,2009,"Late Window","Betgebez",0.5
"495","15 km",14.27076667,39.08091,0.5,2004,2009,"Late Window","LaelayMegariaTsemri",0
"496","15 km",14.2793,39.17853333,0.5,2004,2009,"Late Window","Maysuru",0
"497","15 km",14.32078333,39.22411667,0.5,2004,2009,"Late Window","Sero",0
"498","15 km",14.21841667,39.11961667,0.5,2001,2009,"Late Window","TahtayDaeroka",0
"499","15 km",14.30111667,39.07828333,0.5,2004,2009,"Late Window","TahtayMegariaTsebri",0
"500","15 km",12.527198,39.651575,1,2004,2009,"Late Window","Gerjale",0
"501","15 km",12.447477,39.65574,1,2004,2009,"Late Window","KuluGizeLemlem",0
"502","15 km",12.466214,39.650299,1,2004,2009,"Late Window","LaelayDayu",0
"503","15 km",12.398839,39.657985,0.5,2004,2009,"Late Window","Limaat",0
"504","15 km",12.414739,39.659153,1,2004,2009,"Late Window","SelamBekalsi",0
"505","15 km",12.358934,39.657374,0.5,2004,2009,"Late Window","SelenWuha",0
"506","15 km",13.81893333,39.72011667,1,2004,2009,"Late Window","BarkaAdiswha",0.5
"507","15 km",13.9,39.742,0.5,2008,2009,"Late Window","FelegeWayane",-0.5
"508","15 km",13.87976667,39.73488333,1,2004,2009,"Late Window","Golgolemalee",0
"509","15 km",13.81136667,39.6867,0.5,2006,2009,"Late Window","Habees",0
"510","15 km",13.94443333,39.72905,0.5,2008,2009,"Late Window","RubaFelege",-0.5
"511","15 km",13.8,39.5,0.5,2004,2009,"Late Window","AbrahaAtsbaha",0
"512","15 km",13.82423333,39.61081667,0.5,2005,2009,"Late Window","AdiKisandid",0
"513","15 km",13.75331667,39.54968333,0.5,2004,2009,"Late Window","Aynalem",0
"514","15 km",13.78058333,39.58768333,1,2004,2009,"Late Window","Genfel",0.5
"515","15 km",13.69048333,39.55716667,1,2004,2009,"Late Window","MahbereWeyane",0
"516","15 km",13.87613333,39.59755,1,2004,2009,"Late Window","Nagash",0.5
"517","15 km",13.733,39.087,1,2004,2009,"Late Window","AdiHa",0
"518","15 km",13.7,38.9,0.5,2002,2009,"Late Window","Atakilti",0
"519","15 km",13.744,39.136,1,2004,2009,"Late Window","AwetBikalsi",0
"520","15 km",13.62643333,38.92838333,0.5,2008,2009,"Late Window","Begashek",0
"521","15 km",13.6,39,0.5,2009,2010,"Late Window","DebreGenetK",0
"522","15 km",13.69308333,38.89091667,0.5,2002,2009,"Late Window","Menji",0
"523","15 km",12.42191667,39.67775,1,2004,2009,"Late Window","AdisKigni",0
"524","15 km",12.43026667,39.742,1,2004,2009,"Late Window","Bala",0
"525","15 km",12.86883333,39.67121667,0.5,2008,2012,"Late Window","Ebo",0
"526","15 km",12.8383,39.716,0,2008,2012,"Late Window","Hawelti",0
"527","15 km",12.5342,39.73416667,0.5,2008,2009,"Late Window","Korme",-0.5
"528","15 km",12.76645,39.811,0,2008,2012,"Late Window","Mechare",0
"529","15 km",12.79798333,39.65126667,0,2008,2012,"Late Window","Tsigea",0
"530","15 km",12.44273333,39.80076667,0,2008,2009,"Late Window","Ulaga",-0.5
"531","15 km",14.2107,39.61543333,0.5,2002,2004,"Late Window","Asmena",0
"532","15 km",14.01175,39.59356667,0.5,2004,2009,"Late Window","GuemseAgamet",0
"533","15 km",14.127,39.583,0,2002,2009,"Late Window","HadushAdi",0
"534","15 km",14.2,39.6,0.5,2002,2004,"Late Window","HadushHiwet",0
"535","15 km",13.96051667,39.59608333,0.5,2004,2009,"Late Window","Sendada",0
"536","15 km",14.01175,39.59356667,0.5,2004,2009,"Late Window","Sinkata",0
"537","15 km",13.348441,39.236951,0.5,2004,2009,"Late Window","AdekeAla",-0.5
"538","15 km",13.308802,39.229,1,2004,2008,"Late Window","AdisAlemS",0
"539","15 km",13.3,39.2,1,2004,2008,"Late Window","AmdiWeyane",0
"540","15 km",13.28738,39.177571,1,2004,2008,"Late Window","HintsaWaza",0
"541","15 km",13.254226,39.242201,0.5,2004,2009,"Late Window","MayTeklia",-0.5
"542","15 km",13.237814,39.187599,1,2004,2009,"Late Window","MetkelLemat",0
"543","15 km",13.43246667,38.96085,0,2008,2009,"Late Window","Gera",0
"544","15 km",13.4,39,0,2008,2009,"Late Window","ImbaRufael",0
"545","15 km",13.24661667,39.04156667,0,2008,2009,"Late Window","Lemlem",0
"546","15 km",13.19138333,38.99416667,0.5,2004,2008,"Late Window","Mearey",0.5
"547","15 km",14.1,39.2,0.5,2004,2009,"Late Window","AdisAlemW",0
"548","15 km",14.06666667,39.02396667,0.5,2008,2009,"Late Window","Endachiwa",-0.5
"549","15 km",14,39.1,1,2004,2009,"Late Window","Endagahamus",0
"550","15 km",14,39.1,1,2004,2009,"Late Window","Maekelawi",0
"551","15 km",13.9,38.9,1,2004,2009,"Late Window","MaekelSegli",0.5
"552","15 km",14,39,1,2004,2009,"Late Window","Selam",0.5
